"prey","n.samples","fo.number","fo.number.LCL","fo.number.UCL","fo.percent","fo.percent.LCL","fo.percent.UCL","n.preyitems","na.number","na.number.LCL","na.number.UCL","na.percent","na.percent.LCL","na.percent.UCL","na.weighted","na.weighted.LCL","na.weighted.UCL","rank.fo","rank.na","rank.fo.inv","rank.na.inv","cum.fo","cum.na","fo.prim","na.prim"
"Gymnoscopelus piabilis",661,315,288,340,47.6550680786687,43.5703479576399,51.4372163388805,9061,2349,1930.95,2849.1,25.9242909171173,22.4979577023796,29.2938916362365,19.7317877564159,17.521340490876,21.8637347872534,28,28,1,1,47.6550680786687,25.9242909171173,"primary","primary"
"Protomyctophum tenisoni",661,173,151,195.025,26.1724659606657,22.8441754916793,29.5045385779123,9061,1714,1235,2284.025,18.9162344112129,14.264613149201,23.9837379487871,11.2700037271914,9.43773086973716,13.0397992032256,24,27,5,2,182.602118003026,44.8405253283302,"primary","primary"
"Gymnoscopelus nicholsi",661,290,266,316,43.8729198184569,40.2420574886536,47.8081648558199,9061,1550,1301.975,1820.025,17.1062796600817,14.9165435744141,19.543363246892,13.066618338762,11.545997226519,14.7192640749402,27,26,2,3,91.5279878971256,61.9468049884119,"primary","primary"
"Gymnoscopelus fraseri",661,213,188,236,32.2239031770045,28.4417549167927,35.7034795763994,9061,1198,969,1441.025,13.2214987308244,11.0888712629942,15.4544998780963,9.35676134841724,8.06277292211462,10.7119987837976,25,25,4,4,156.42965204236,75.1683037192363,"primary","primary"
"Electrona carlsbergi",661,216,193,241,32.67776096823,29.1981845688351,36.4599092284418,9061,879,713,1067,9.70091601368502,7.88459894450915,11.8016416359673,9.68674305762105,8.18647684630759,11.3773517378152,26,24,3,5,124.205748865356,84.8692197329213,"primary","primary"
"Metelectrona ventralis",661,78,62,94,11.8003025718608,9.37972768532526,14.2208774583964,9061,308,202,434,3.3991833131001,2.26877719418808,4.64785910652391,2.86507131630225,2.0450256583962,3.82626655791693,23,23,6,6,194.402420574887,88.2684030460214,"primary","non-primary"
"Electrona subaspera",661,52,38,66,7.86686838124055,5.76609417390904,9.98487140695915,9061,249,161.975,370,2.74804105507118,1.75406318880236,4.10509196604181,2.84200845099047,1.98197098643539,3.78597875029652,19,22,10,7,232.072617246596,91.0164441010926,"non-primary","non-primary"
"Gymnoscopelus bolini",661,69,53,85,10.4387291981846,8.01815431164902,12.8593040847201,9061,183,130.975,241,2.01964463083545,1.5035887830095,2.57830923248053,1.34546024402054,0.903389341145183,1.90303962011114,21,21,8,8,216.036308623298,93.036088731928,"non-primary","non-primary"
"Electrona antarctica",661,37,26,49,5.59757942511346,3.93343419062027,7.41301059001513,9061,129,58,235.025,1.42368392009712,0.660883516542316,2.59585864987692,1.04846956383686,0.626319624144643,1.63330246770914,18,20,11,9,237.67019667171,94.4597726520252,"non-primary","non-primary"
"Protomyctophum choriodon",661,37,26,49,5.59757942511346,3.9392449456746,7.41301059001513,9061,115,58.975,198.025,1.26917558768348,0.651674827212479,2.17236343701496,0.792688912505846,0.46836453530116,1.20258125454964,17,19,12,10,243.267776096823,95.7289482397086,"non-primary","non-primary"
"Crustacean",661,74,57,90,11.1951588502269,8.63603699628662,13.6157337367625,9061,75,58,92,0.82772320935879,0.60521879269663,1.06790768464006,11.1951588502269,8.63603699628662,13.6157337367625,22,18,7,11,205.597579425113,96.5566714490674,"non-primary","non-primary"
"Symbolophorus boops",661,31,21,42,4.68986384266263,3.17700453857791,6.35400907715582,9061,69,40,105,0.761505352610087,0.465020150417884,1.09818839751681,0.551635511456012,0.308719659421332,0.851544775744335,16,17,13,12,247.957639939486,97.3181768016775,"non-primary","non-primary"
"Penguin",661,54,40,68,8.16944024205749,6.06037683949938,10.2874432677761,9061,54,40,68,0.595960710738329,0.428212040559116,0.791163730994195,8.16944024205749,6.06037683949938,10.2874432677761,20,16,9,13,224.205748865356,97.9141375124158,"non-primary","non-primary"
"Notothenia squamifrons",661,10,4,16,1.51285930408472,0.605143721633888,2.42057488653555,9061,49,12,100,0.540779163447743,0.129178921629616,1.10615757069381,1.18306743684959,0.406989238069041,2.01897234447348,12,15,17,14,257.639939485628,98.4549166758636,"non-primary","non-primary"
"Cephalopod",661,31,21,42,4.68986384266263,3.17700453857791,6.35400907715582,9061,33,22,46,0.364198212117868,0.240303396214719,0.518679171557933,4.68986384266263,3.17700453857791,6.35400907715582,15,14,14,15,252.647503782148,98.8191148879815,"non-primary","non-primary"
"Gymnoscopelus sp.",661,12,6,19,1.81543116490166,0.907715582450832,2.87443267776097,9061,20,7.975,36.025,0.220726189162344,0.0848834846018193,0.412977697694224,0.646591626942868,0.181886851838796,1.16438164076163,14,13,15,16,254.46293494705,99.0398410771438,"non-primary","non-primary"
"Dissostichus eleginoides",661,8,3,14,1.21028744326778,0.453857791225416,2.11800302571861,9061,16,6,31,0.176580951329875,0.0645285748734025,0.329032277481571,0.101670546629495,0.0168645371842619,0.215380426224398,9,12,19,17,260.211800302572,99.2164220284737,"non-primary","non-primary"
"Protomyctophum bolini",661,11,5,18,1.66414523449319,0.75642965204236,2.7231467473525,9061,16,7,27,0.176580951329875,0.0735063723449322,0.30232085362736,0.458373445419669,0.0854478193671242,0.999113056500466,13,11,16,18,256.127080181543,99.3930029798036,"non-primary","non-primary"
"Krefftichthys anderssoni",661,9,4,15,1.36157337367625,0.605143721633888,2.26928895612708,9061,15,5,27,0.165544641871758,0.060045886468483,0.299663510924797,0.112086648451488,0.0338399319693078,0.220698352193542,11,10,18,19,259.001512859304,99.5585476216753,"non-primary","non-primary"
"Scopelosaurus ahlstromi",661,7,2,12.025,1.0590015128593,0.302571860816944,1.81921331316187,9061,12,3,22,0.132435713497406,0.0351874282799949,0.246666852012994,0.0662066166929337,0.0172636351307955,0.124947674922407,8,9,21,20,262.481089258699,99.6909833351727,"non-primary","non-primary"
"Paralepis atlantica",661,8,3,14,1.21028744326778,0.453857791225416,2.11800302571861,9061,11,4,20,0.121399404039289,0.0422850226473099,0.219280025165543,0.119538070909898,0.0385277374909839,0.223551268052934,10,8,20,21,261.42208774584,99.812382739212,"non-primary","non-primary"
"Sternoptychidae",661,3,0,7,0.453857791225416,0,1.0590015128593,9061,5,0,13,0.055181547290586,0,0.14312076114231,0.316325127217714,0,0.77018291844313,7,7,23,22,263.38880484115,99.8675642865026,"non-primary","non-primary"
"Lampichthys procerus",661,3,0,7,0.453857791225416,0,1.0590015128593,9061,4,0,10,0.0441452378324688,0,0.108055884829044,0.0745305686571149,0,0.208018154311649,6,6,22,23,262.934947049924,99.9117095243351,"non-primary","non-primary"
"Lepidonotothen larseni",661,2,0,5,0.302571860816944,0,0.75642965204236,9061,3,0,8,0.0331089283743516,0,0.0932874799982616,0.201714573877963,0,0.605143721633888,4,5,25,24,263.993948562784,99.9448184527094,"non-primary","non-primary"
"Electrona sp.",661,2,0,5,0.302571860816944,0,0.75642965204236,9061,2,0,5,0.0220726189162344,0,0.0549510443540678,0.0825195984046211,0,0.240682162013478,5,4,24,25,263.691376701967,99.9668910716257,"non-primary","non-primary"
"Maurolicus muelleri",661,1,0,3,0.151285930408472,0,0.453857791225416,9061,1,0,3,0.0110363094581172,0,0.0346263594131038,0.0094553706505295,0,0.0283661119515885,2,1,27,26,264.296520423601,99.9779273810838,"non-primary","non-primary"
"Bathylagus sp.",661,1,0,3,0.151285930408472,0,0.453857791225416,9061,1,0,3,0.0110363094581172,0,0.0348065739669456,0.00540306894315971,0,0.0162092068294791,1,2,28,27,264.447806354009,99.9889636905419,"non-primary","non-primary"
"Gymnoscopelus braueri",661,1,0,3,0.151285930408472,0,0.453857791225416,9061,1,0,3,0.0110363094581172,0,0.0360303587880555,0.0108061378863194,0,0.0324184136589583,3,3,26,28,264.145234493192,100,"non-primary","non-primary"
