"prey","n.samples.x","fo.number.x","fo.number.LCL.x","fo.number.UCL.x","fo.percent.x","fo.percent.LCL.x","fo.percent.UCL.x","n.preyitems.x","na.number.x","na.number.LCL.x","na.number.UCL.x","na.percent.x","na.percent.LCL.x","na.percent.UCL.x","na.weighted.x","na.weighted.LCL.x","na.weighted.UCL.x","rank.fo.x","rank.na.x","rank.fo.inv.x","rank.na.inv.x","cum.fo.x","cum.na.x","fo.prim.x","na.prim.x","n.samples.y","fo.number.y","fo.number.LCL.y","fo.number.UCL.y","fo.percent.y","fo.percent.LCL.y","fo.percent.UCL.y","n.preyitems.y","na.number.y","na.number.LCL.y","na.number.UCL.y","na.percent.y","na.percent.LCL.y","na.percent.UCL.y","na.weighted.y","na.weighted.LCL.y","na.weighted.UCL.y","rank.fo.y","rank.na.y","rank.fo.inv.y","rank.na.inv.y","cum.fo.y","cum.na.y","fo.prim.y","na.prim.y"
"Bathylagus gracilis",750,1,0,3.02499999999998,0.133333333333333,0,0.403854027592342,13654,2,0,6.04999999999995,0.0146477222791856,0,0.047167678078921,0.0140350877192982,0,0.0425109502728781,1,3,29,29,332.933333333333,99.9780284165812,"non-primary","non-primary",NA,NA,NA,NA,NA,NA,NA,NA,NA,NA,NA,NA,NA,NA,NA,NA,NA,NA,NA,NA,NA,NA,NA,NA,NA
"Bathylagus sp.",750,5,1,10,0.666666666666667,0.133333333333333,1.33333333333333,13654,5,1,10,0.036619305697964,0.00746009848473233,0.0742586253360452,0.0358545307461716,0.00555555555555555,0.0832244307979602,10,7,24,25,331.733333333333,99.9121136663249,"non-primary","non-primary",661,1,0,3,0.151285930408472,0,0.453857791225416,9061,1,0,3,0.0110363094581172,0,0.0348065739669456,0.00540306894315971,0,0.0162092068294791,1,2,28,27,264.447806354009,99.9889636905419,"non-primary","non-primary"
"Cephalopod",750,3,0,7,0.4,0,0.933333333333333,13654,3,0,7,0.0219715834187784,0,0.0502068388239499,0.4,0,0.933333333333333,7,6,25,26,332.133333333333,99.9340852497437,"non-primary","non-primary",661,31,21,42,4.68986384266263,3.17700453857791,6.35400907715582,9061,33,22,46,0.364198212117868,0.240303396214719,0.518679171557933,4.68986384266263,3.17700453857791,6.35400907715582,15,14,14,15,252.647503782148,98.8191148879815,"non-primary","non-primary"
"Crustacean",750,1,0,4,0.133333333333333,0,0.533333333333333,13654,1,0,4,0.00732386113959279,0,0.028494705988959,0.133333333333333,0,0.533333333333333,2,1,31,31,333.2,100,"non-primary","non-primary",661,74,57,90,11.1951588502269,8.63603699628662,13.6157337367625,9061,75,58,92,0.82772320935879,0.60521879269663,1.06790768464006,11.1951588502269,8.63603699628662,13.6157337367625,22,18,7,11,205.597579425113,96.5566714490674,"non-primary","non-primary"
"Dissostichus eleginoides",750,5,1,10,0.666666666666667,0.133333333333333,1.33333333333333,13654,7,1,14,0.0512670279771496,0.00728837774698953,0.104791702209036,0.0452602190588461,0.00634920634920635,0.0944892462009602,9,9,22,23,330.4,99.8315511937894,"non-primary","non-primary",661,8,3,14,1.21028744326778,0.453857791225416,2.11800302571861,9061,16,6,31,0.176580951329875,0.0645285748734025,0.329032277481571,0.101670546629495,0.0168645371842619,0.215380426224398,9,12,19,17,260.211800302572,99.2164220284737,"non-primary","non-primary"
"Electrona antarctica",750,26,16,36,3.46666666666667,2.13333333333333,4.8,13654,41,25,61,0.300278306723305,0.180018334068293,0.44001514526995,0.472393392805911,0.19764224226859,0.823918263400077,20,20,12,12,317.333333333333,98.7549436062692,"non-primary","non-primary",661,37,26,49,5.59757942511346,3.93343419062027,7.41301059001513,9061,129,58,235.025,1.42368392009712,0.660883516542316,2.59585864987692,1.04846956383686,0.626319624144643,1.63330246770914,18,20,11,9,237.67019667171,94.4597726520252,"non-primary","non-primary"
"Electrona carlsbergi",750,221,198.975,246,29.4666666666667,26.5308811748999,32.8,13654,643,539.95,769.225,4.70924271275817,3.97534122748899,5.53685205702788,5.59302720264071,4.58390366847303,6.64470030630863,27,26,5,6,248.133333333333,93.254723890435,"primary","non-primary",661,216,193,241,32.67776096823,29.1981845688351,36.4599092284418,9061,879,713,1067,9.70091601368502,7.88459894450915,11.8016416359673,9.68674305762105,8.18647684630759,11.3773517378152,26,24,3,5,124.205748865356,84.8692197329213,"primary","primary"
"Electrona sp.",750,2,0,5,0.266666666666667,0,0.666666666666667,13654,2,0,5,0.0146477222791856,0,0.0371888226077585,0.00729243656072924,0,0.0186252771618625,6,2,26,28,332.4,99.963380694302,"non-primary","non-primary",661,2,0,5,0.302571860816944,0,0.75642965204236,9061,2,0,5,0.0220726189162344,0,0.0549510443540678,0.0825195984046211,0,0.240682162013478,5,4,24,25,263.691376701967,99.9668910716257,"non-primary","non-primary"
"Electrona subaspera",750,53,40.975,67,7.06666666666667,5.46333333333333,8.93333333333333,13654,164,99.975,243.05,1.20111322689322,0.729118724717292,1.78041539624191,1.4523743665566,0.986857647808919,2.0067578930378,22,23,10,9,309.333333333333,97.3634099897466,"non-primary","non-primary",661,52,38,66,7.86686838124055,5.76609417390904,9.98487140695915,9061,249,161.975,370,2.74804105507118,1.75406318880236,4.10509196604181,2.84200845099047,1.98197098643539,3.78597875029652,19,22,10,7,232.072617246596,91.0164441010926,"non-primary","non-primary"
"Gymnoscopelus bolini",750,112,93,132,14.9333333333333,12.4,17.6,13654,230,179,286,1.68448806210634,1.31597040131306,2.10412424750029,1.91225207353831,1.47423943545129,2.4510590375191,25,25,7,7,285.866666666667,94.9392119525414,"non-primary","non-primary",661,69,53,85,10.4387291981846,8.01815431164902,12.8593040847201,9061,183,130.975,241,2.01964463083545,1.5035887830095,2.57830923248053,1.34546024402054,0.903389341145183,1.90303962011114,21,21,8,8,216.036308623298,93.036088731928,"non-primary","non-primary"
"Gymnoscopelus braueri",750,6,2,11,0.8,0.266666666666667,1.46666666666667,13654,10,2,21,0.0732386113959279,0.0144788781814702,0.153853211009174,0.0806723201650738,0.0141089640365003,0.170695964998501,11,12,21,21,329.733333333333,99.7216932766955,"non-primary","non-primary",661,1,0,3,0.151285930408472,0,0.453857791225416,9061,1,0,3,0.0110363094581172,0,0.0360303587880555,0.0108061378863194,0,0.0324184136589583,3,3,26,28,264.145234493192,100,"non-primary","non-primary"
"Gymnoscopelus fraseri",750,315,288,342,42,38.4,45.6,13654,2301,1908.95,2758.2,16.852204482203,14.1036425669361,19.859386158444,13.6314651402998,11.950296040465,15.3761437400961,29,28,3,4,188.666666666667,81.29485864948,"primary","primary",661,213,188,236,32.2239031770045,28.4417549167927,35.7034795763994,9061,1198,969,1441.025,13.2214987308244,11.0888712629942,15.4544998780963,9.35676134841724,8.06277292211462,10.7119987837976,25,25,4,4,156.42965204236,75.1683037192363,"primary","primary"
"Gymnoscopelus nicholsi",750,520,497,545,69.3333333333333,66.2666666666667,72.6666666666667,13654,2900,2604,3238.05,21.2391973048191,19.3709197934737,23.2992446504036,19.652070759699,18.1617982911994,21.3811071250832,30,30,2,2,146.666666666667,47.4073531565842,"primary","primary",661,290,266,316,43.8729198184569,40.2420574886536,47.8081648558199,9061,1550,1301.975,1820.025,17.1062796600817,14.9165435744141,19.543363246892,13.066618338762,11.545997226519,14.7192640749402,27,26,2,3,91.5279878971256,61.9468049884119,"primary","primary"
"Gymnoscopelus piabilis",750,580,557.975,602,77.3333333333333,74.3966666666667,80.2666666666667,13654,3573,3269.975,3897.025,26.1681558517651,23.9178307068455,28.396277453743,32.5440151106212,30.3230560731072,34.8338412456231,31,31,1,1,77.3333333333333,26.1681558517651,"primary","primary",661,315,288,340,47.6550680786687,43.5703479576399,51.4372163388805,9061,2349,1930.95,2849.1,25.9242909171173,22.4979577023796,29.2938916362365,19.7317877564159,17.521340490876,21.8637347872534,28,28,1,1,47.6550680786687,25.9242909171173,"primary","primary"
"Gymnoscopelus sp.",750,11,5,18,1.46666666666667,0.666666666666667,2.4,13654,19,9,32,0.139153361652263,0.0644586285988495,0.23544018903794,0.461418372477196,0.114182633053221,0.901627034403505,18,18,16,14,324.4,99.0771934964113,"non-primary","non-primary",661,12,6,19,1.81543116490166,0.907715582450832,2.87443267776097,9061,20,7.975,36.025,0.220726189162344,0.0848834846018193,0.412977697694224,0.646591626942868,0.181886851838796,1.16438164076163,14,13,15,16,254.46293494705,99.0398410771438,"non-primary","non-primary"
"Krefftichthys anderssoni",750,11,5,18,1.46666666666667,0.666666666666667,2.4,13654,15,6,27,0.109857917093892,0.0446084755793376,0.199350407330472,0.0875268246909653,0.0332077590610205,0.160382760222095,17,16,14,16,321.466666666667,99.3188809140179,"non-primary","non-primary",661,9,4,15,1.36157337367625,0.605143721633888,2.26928895612708,9061,15,5,27,0.165544641871758,0.060045886468483,0.299663510924797,0.112086648451488,0.0338399319693078,0.220698352193542,11,10,18,19,259.001512859304,99.5585476216753,"non-primary","non-primary"
"Lampichthys procerus",750,9,4,15,1.2,0.533333333333333,2,13654,12,5,21,0.0878863336751135,0.0358150182399685,0.157415283600484,0.151961013645224,0.0282368377552693,0.369739933166249,14,15,18,18,326.933333333333,99.4946535813681,"non-primary","non-primary",661,3,0,7,0.453857791225416,0,1.0590015128593,9061,4,0,10,0.0441452378324688,0,0.108055884829044,0.0745305686571149,0,0.208018154311649,6,6,22,23,262.934947049924,99.9117095243351,"non-primary","non-primary"
"Lampichthys procerus ",750,1,0,3,0.133333333333333,0,0.4,13654,2,0,6,0.0146477222791856,0,0.0453965103017011,0.00459770114942529,0,0.0137931034482759,3,5,28,30,332.8,99.9926761388604,"non-primary","non-primary",NA,NA,NA,NA,NA,NA,NA,NA,NA,NA,NA,NA,NA,NA,NA,NA,NA,NA,NA,NA,NA,NA,NA,NA,NA
"Maurolicus muelleri",750,11,5,18,1.46666666666667,0.666666666666667,2.4,13654,12,5,20,0.0878863336751135,0.0374447881010993,0.150429399348401,0.158049051311508,0.0526638493674828,0.293898395661408,16,14,15,17,322.933333333333,99.406767247693,"non-primary","non-primary",661,1,0,3,0.151285930408472,0,0.453857791225416,9061,1,0,3,0.0110363094581172,0,0.0346263594131038,0.0094553706505295,0,0.0283661119515885,2,1,27,26,264.296520423601,99.9779273810838,"non-primary","non-primary"
"Metelectrona ventralis",750,171,150,195,22.8,20,26,13654,990,722.925,1333.125,7.25062252819686,5.28321764778427,9.46783621997169,5.78514350556832,4.78927012903792,6.90482963375944,26,27,6,5,270.933333333333,88.5454811776769,"primary","non-primary",661,78,62,94,11.8003025718608,9.37972768532526,14.2208774583964,9061,308,202,434,3.3991833131001,2.26877719418808,4.64785910652391,2.86507131630225,2.0450256583962,3.82626655791693,23,23,6,6,194.402420574887,88.2684030460214,"primary","non-primary"
"Notothenia squamifrons",750,7,2,12,0.933333333333333,0.266666666666667,1.60005340453939,13654,11,3,20,0.0805624725355207,0.0220355008843506,0.146750005742397,0.45551282051282,0.0877467948717949,0.928916666666667,12,13,20,19,328.933333333333,99.5752160539036,"non-primary","non-primary",661,10,4,16,1.51285930408472,0.605143721633888,2.42057488653555,9061,49,12,100,0.540779163447743,0.129178921629616,1.10615757069381,1.18306743684959,0.406989238069041,2.01897234447348,12,15,17,14,257.639939485628,98.4549166758636,"non-primary","non-primary"
"Paralepis atlantica",750,20,12,29,2.66666666666667,1.6,3.86666666666667,13654,25,14,37,0.18309652848982,0.10491057498004,0.277698276489298,0.420809177927085,0.145813189450606,0.829871321399459,19,19,13,13,320,98.938040134759,"non-primary","non-primary",661,8,3,14,1.21028744326778,0.453857791225416,2.11800302571861,9061,11,4,20,0.121399404039289,0.0422850226473099,0.219280025165543,0.119538070909898,0.0385277374909839,0.223551268052934,10,8,20,21,261.42208774584,99.812382739212,"non-primary","non-primary"
"Paralepis sp.",750,5,1,10,0.666666666666667,0.133333333333333,1.33333333333333,13654,6,1,12,0.0439431668375568,0.0075322050593759,0.0890781513297618,0.100364896916621,0.00830140485312899,0.26314677978471,8,8,23,24,331.066666666667,99.8754943606269,"non-primary","non-primary",NA,NA,NA,NA,NA,NA,NA,NA,NA,NA,NA,NA,NA,NA,NA,NA,NA,NA,NA,NA,NA,NA,NA,NA,NA
"Photichthys argenteus",750,2,0,5,0.266666666666667,0,0.666666666666667,13654,2,0,5,0.0146477222791856,0,0.0374479099064576,0.0493827160493827,0,0.14320987654321,5,4,27,27,332.666666666667,99.9487329720229,"non-primary","non-primary",NA,NA,NA,NA,NA,NA,NA,NA,NA,NA,NA,NA,NA,NA,NA,NA,NA,NA,NA,NA,NA,NA,NA,NA,NA
"Protomyctophum bolini",750,10,4,17,1.33333333333333,0.533333333333333,2.26666666666667,13654,18,6,34,0.13182950051267,0.0437168850704014,0.254587762430771,0.0945292700041574,0.0330606436235239,0.174632737759356,15,17,17,15,325.733333333333,99.209022996924,"non-primary","non-primary",661,11,5,18,1.66414523449319,0.75642965204236,2.7231467473525,9061,16,7,27,0.176580951329875,0.0735063723449322,0.30232085362736,0.458373445419669,0.0854478193671242,0.999113056500466,13,11,16,18,256.127080181543,99.3930029798036,"non-primary","non-primary"
"Protomyctophum choriodon",750,63,48.975,77.025,8.4,6.53,10.2833644859813,13654,167,101,248.025,1.223084810312,0.740624981440218,1.79678872807146,1.27769697956252,0.810862126732155,1.76628910114639,24,24,8,8,294.266666666667,96.1622967628534,"non-primary","non-primary",661,37,26,49,5.59757942511346,3.9392449456746,7.41301059001513,9061,115,58.975,198.025,1.26917558768348,0.651674827212479,2.17236343701496,0.792688912505846,0.46836453530116,1.20258125454964,17,19,12,10,243.267776096823,95.7289482397086,"non-primary","non-primary"
"Protomyctophum tenisoni",750,225,200,249,30,26.6666666666667,33.2,13654,2326,1875.875,2852.175,17.0353010106928,13.9335117263792,20.3331051136034,13.4837835729308,11.6332629935805,15.2593568938027,28,29,4,3,218.666666666667,64.442654167277,"primary","primary",661,173,151,195.025,26.1724659606657,22.8441754916793,29.5045385779123,9061,1714,1235,2284.025,18.9162344112129,14.264613149201,23.9837379487871,11.2700037271914,9.43773086973716,13.0397992032256,24,27,5,2,182.602118003026,44.8405253283302,"primary","primary"
"Protomytophum bolini",750,1,0,3,0.133333333333333,0,0.4,13654,8,0,24,0.0585908891167424,0,0.182186814728402,0.0463768115942029,0,0.139130434782609,4,10,30,22,333.066666666667,99.7802841658122,"non-primary","non-primary",NA,NA,NA,NA,NA,NA,NA,NA,NA,NA,NA,NA,NA,NA,NA,NA,NA,NA,NA,NA,NA,NA,NA,NA,NA
"Scopelosaurus ahlstromi",750,60,46,76,8,6.13333333333333,10.1333333333333,13654,87,64.975,113,0.637175919144573,0.463573833618573,0.830160863395754,0.726412173394886,0.511334927811793,0.96647302620365,23,22,9,10,302.266666666667,98.0005859088912,"non-primary","non-primary",661,7,2,12.025,1.0590015128593,0.302571860816944,1.81921331316187,9061,12,3,22,0.132435713497406,0.0351874282799949,0.246666852012994,0.0662066166929337,0.0172636351307955,0.124947674922407,8,9,21,20,262.481089258699,99.6909833351727,"non-primary","non-primary"
"Sternoptychidae",750,8,3,14,1.06666666666667,0.4,1.86666666666667,13654,10,3,18,0.0732386113959279,0.0236548487088119,0.132883246901991,0.102195738707752,0.0182713903743316,0.26086044099383,13,11,19,20,328,99.6484546652995,"non-primary","non-primary",661,3,0,7,0.453857791225416,0,1.0590015128593,9061,5,0,13,0.055181547290586,0,0.14312076114231,0.316325127217714,0,0.77018291844313,7,7,23,22,263.38880484115,99.8675642865026,"non-primary","non-primary"
"Symbolophorus boops",750,34,23,44,4.53333333333333,3.06666666666667,5.86666666666667,13654,62,40,85,0.454079390654753,0.295556778861277,0.614705099142203,0.620193399812145,0.348386219908124,0.918941246738667,21,21,11,11,313.866666666667,98.4546652995459,"non-primary","non-primary",661,31,21,42,4.68986384266263,3.17700453857791,6.35400907715582,9061,69,40,105,0.761505352610087,0.465020150417884,1.09818839751681,0.551635511456012,0.308719659421332,0.851544775744335,16,17,13,12,247.957639939486,97.3181768016775,"non-primary","non-primary"
"Lepidonotothen larseni",NA,NA,NA,NA,NA,NA,NA,NA,NA,NA,NA,NA,NA,NA,NA,NA,NA,NA,NA,NA,NA,NA,NA,NA,NA,661,2,0,5,0.302571860816944,0,0.75642965204236,9061,3,0,8,0.0331089283743516,0,0.0932874799982616,0.201714573877963,0,0.605143721633888,4,5,25,24,263.993948562784,99.9448184527094,"non-primary","non-primary"
"Penguin",NA,NA,NA,NA,NA,NA,NA,NA,NA,NA,NA,NA,NA,NA,NA,NA,NA,NA,NA,NA,NA,NA,NA,NA,NA,661,54,40,68,8.16944024205749,6.06037683949938,10.2874432677761,9061,54,40,68,0.595960710738329,0.428212040559116,0.791163730994195,8.16944024205749,6.06037683949938,10.2874432677761,20,16,9,13,224.205748865356,97.9141375124158,"non-primary","non-primary"
